setting,Graph Name,PR1,PR2,ROC1,ROC2,PR3,ROC3
hedge-4_negtype-clique-1_seed-9_aa,email-Eu,0.9478755388995176,0.9606413438489796,0.6791974487220668,0.7367732758225118,,
hedge-4_negtype-clique-1_seed-9_aa,email-Enron,0.9373088821238784,0.9346363487641136,0.6135265700483092,0.5845410628019324,,
hedge-4_negtype-clique-1_seed-9_am,email-Eu,0.9814250448975342,0.9814061281097692,0.8557526116948868,0.8522729010844461,,
hedge-4_negtype-clique-1_seed-9_am,email-Enron,0.9825529106187778,0.978738483778892,0.8550724637681161,0.8333333333333333,,
hedge-4_negtype-clique-1_seed-9_cn,email-Eu,0.945536721267894,0.964621052013326,0.6723795102402913,0.748826075651203,,
hedge-4_negtype-clique-1_seed-9_cn,email-Enron,0.9344792565973926,0.9303644229360336,0.6099033816425121,0.572463768115942,,
hedge-4_negtype-clique-1_seed-9_gm,email-Eu,0.975976988949285,0.978318156283119,0.7949150338793803,0.7992283454932013,,
hedge-4_negtype-clique-1_seed-9_gm,email-Enron,0.9739502990884896,0.9683082623530344,0.7548309178743962,0.7234299516908214,,
hedge-4_negtype-clique-1_seed-9_hm,email-Eu,0.98816364892337,0.9881608956333232,0.9185938910047567,0.9183147493843588,,
hedge-4_negtype-clique-1_seed-9_hm,email-Enron,0.9816660257711404,0.9816660257711404,0.8381642512077294,0.8381642512077294,,
hedge-4_negtype-clique-1_seed-9_jc,email-Eu,0.9430474345385124,0.9425135911604142,0.6468437877605959,0.6490348582878295,,
hedge-4_negtype-clique-1_seed-9_jc,email-Enron,0.9620245887167328,0.9632359209155508,0.6847826086956522,0.6908212560386473,,
hedge-4_negtype-clique-10_seed-9_aa,email-Eu,0.1897681433630116,0.32189664852564115,0.6753715579628903,0.7577969214257427,,
hedge-4_negtype-clique-10_seed-9_aa,email-Enron,0.08628655482406347,0.11419106327287434,0.4820940978785971,0.5492963663095988,,
hedge-4_negtype-clique-10_seed-9_am,email-Eu,0.5091945128233307,0.5306569484635486,0.8644890693207479,0.8667897528825053,,
hedge-4_negtype-clique-10_seed-9_am,email-Enron,0.3147186252611959,0.3212802738629367,0.7874396135265699,0.7908212560386475,,
hedge-4_negtype-clique-10_seed-9_cn,email-Eu,0.18333732392033647,0.342490027321644,0.6720231086895878,0.7523535488127551,,
hedge-4_negtype-clique-10_seed-9_cn,email-Enron,0.08765503420946412,0.09519533088491626,0.489582020583911,0.546135265700483,,
hedge-4_negtype-clique-10_seed-9_gm,email-Eu,0.4852483647979279,0.6082219527871628,0.7915151082122425,0.8006516373785828,,
hedge-4_negtype-clique-10_seed-9_gm,email-Enron,0.4474236195572581,0.4668592548982711,0.787954211300147,0.7769691241335854,,
hedge-4_negtype-clique-10_seed-9_hm,email-Eu,0.4855896722092205,0.5614528844261725,0.8896875135393572,0.8559699348362622,,
hedge-4_negtype-clique-10_seed-9_hm,email-Enron,0.5228582519240365,0.5362458726051641,0.9052825036756984,0.9090527200168032,,
hedge-4_negtype-clique-10_seed-9_jc,email-Eu,0.13066027414307424,0.13255651917040362,0.6145531461095204,0.6253300942757309,,
hedge-4_negtype-clique-10_seed-9_jc,email-Enron,0.10434538559074656,0.10231034393106866,0.52547784078975,0.5285654274312119,,
hedge-4_negtype-clique-2_seed-9_aa,email-Eu,0.8272592605606899,0.8757059043719206,0.6849756151418357,0.7418107993893315,,
hedge-4_negtype-clique-2_seed-9_aa,email-Enron,0.7159597158761152,0.722974197193926,0.4559849704777241,0.5099302200751477,,
hedge-4_negtype-clique-2_seed-9_am,email-Eu,0.9470570003950922,0.948563825216784,0.8814907314696018,0.8829507772316618,,
hedge-4_negtype-clique-2_seed-9_am,email-Enron,0.9012316618619935,0.8907943215803616,0.7579173376274825,0.7337627482555018,,
hedge-4_negtype-clique-2_seed-9_cn,email-Eu,0.8245689758511426,0.8813910364297691,0.6819403570354409,0.742932959724057,,
hedge-4_negtype-clique-2_seed-9_cn,email-Enron,0.7207597839919688,0.7214374013266274,0.4683306494900698,0.5319377348362856,,
hedge-4_negtype-clique-2_seed-9_gm,email-Eu,0.9308475099582574,0.9389514397157012,0.8154936172966881,0.8249391806230798,,
hedge-4_negtype-clique-2_seed-9_gm,email-Enron,0.8953316249143509,0.8817198893851441,0.7383252818035426,0.7074610842726785,,
hedge-4_negtype-clique-2_seed-9_hm,email-Eu,0.9536091909653572,0.9535536265643282,0.9056604851082948,0.905563402534807,,
hedge-4_negtype-clique-2_seed-9_hm,email-Enron,0.912424521987741,0.9122744108558488,0.7992485238862049,0.7944176060118089,,
hedge-4_negtype-clique-2_seed-9_jc,email-Eu,0.7896999169841583,0.7907285679435394,0.6321864899129302,0.6353112162733235,,
hedge-4_negtype-clique-2_seed-9_jc,email-Enron,0.68912622221629,0.6879506178592509,0.3636607622114869,0.3612453032742888,,
hedge-4_negtype-clique-5_seed-9_aa,email-Eu,0.4542177694136093,0.5921790189632913,0.6718842226228838,0.7594232113680339,,
hedge-4_negtype-clique-5_seed-9_aa,email-Enron,0.2835914683475053,0.3457260597460987,0.4566059993259184,0.5647118301314461,,
hedge-4_negtype-clique-5_seed-9_am,email-Eu,0.7548037281425319,0.7651707193867924,0.8702342654546259,0.8714634163400437,,
hedge-4_negtype-clique-5_seed-9_am,email-Enron,0.5432400311037895,0.5532177799609268,0.7216043141220088,0.732221098752949,,
hedge-4_negtype-clique-5_seed-9_cn,email-Eu,0.4418097659884807,0.6020768341453666,0.6673982172142552,0.7544476134493799,,
hedge-4_negtype-clique-5_seed-9_cn,email-Enron,0.27713321174912,0.3490403890486073,0.4559319177620492,0.5677451971688575,,
hedge-4_negtype-clique-5_seed-9_gm,email-Eu,0.7354370402846372,0.7882792366287141,0.807335312179085,0.8174648595736167,,
hedge-4_negtype-clique-5_seed-9_gm,email-Enron,0.6336043667360529,0.6410965956931952,0.7361813279406807,0.7287243006403775,,
hedge-4_negtype-clique-5_seed-9_hm,email-Eu,0.7578061798522849,0.7552451483452012,0.8922741389633836,0.8831014256264884,,
hedge-4_negtype-clique-5_seed-9_hm,email-Enron,0.7232094249163146,0.7235401537066101,0.8727249747219413,0.8678800134816312,,
hedge-4_negtype-clique-5_seed-9_jc,email-Eu,0.3701957315390118,0.3747007428864909,0.6182893516061827,0.6274100647448082,,
hedge-4_negtype-clique-5_seed-9_jc,email-Enron,0.33512996580076165,0.3327380503173144,0.5048449612403101,0.5102797438490058,,
hedge-4_negtype-star-1_seed-9_aa,email-Eu,0.9578292116273416,0.9838795209386936,0.7351596078251427,0.8837088361706358,,
hedge-4_negtype-star-1_seed-9_aa,email-Enron,0.8657275144533574,0.9604257337017736,0.35748792270531404,0.7294685990338164,,
hedge-4_negtype-star-1_seed-9_am,email-Eu,0.9914569045737044,0.9914386615562479,0.9364283638477188,0.9360498019241652,,
hedge-4_negtype-star-1_seed-9_am,email-Enron,0.98345263497919,0.9812994708443654,0.8357487922705316,0.8115942028985508,,
hedge-4_negtype-star-1_seed-9_cn,email-Eu,0.9550577397395668,0.9840450578761264,0.7195582679453646,0.8843359488520778,,
hedge-4_negtype-star-1_seed-9_cn,email-Enron,0.8692443817958252,0.9491857741359404,0.35628019323671506,0.7173913043478262,,
hedge-4_negtype-star-1_seed-9_gm,email-Eu,0.9906728643804558,0.9902611659999184,0.9053671668272688,0.9042123617675399,,
hedge-4_negtype-star-1_seed-9_gm,email-Enron,0.9861736261624848,0.9817551813952168,0.8454106280193238,0.8091787439613527,,
hedge-4_negtype-star-1_seed-9_hm,email-Eu,0.9915399324664036,0.9915419527282718,0.9188462656204592,0.9193280717049817,,
hedge-4_negtype-star-1_seed-9_hm,email-Enron,0.9909839108650114,0.9909839108650114,0.9033816425120772,0.9033816425120772,,
hedge-4_negtype-star-1_seed-9_jc,email-Eu,0.9616509609340655,0.9648399999772508,0.7516251395708102,0.7724651646553176,,
hedge-4_negtype-star-1_seed-9_jc,email-Enron,0.9543565833256143,0.9597975406220152,0.608695652173913,0.6521739130434783,,
hedge-4_negtype-star-10_seed-9_aa,email-Eu,0.27178533563832896,0.6184809125821663,0.7595265386600426,0.9057485164665184,,
hedge-4_negtype-star-10_seed-9_aa,email-Enron,0.15415426151318387,0.32824886367404016,0.611279143037177,0.7941923965553455,,
hedge-4_negtype-star-10_seed-9_am,email-Eu,0.6854474662915215,0.6803246571737177,0.9326267530854532,0.9307589869026436,,
hedge-4_negtype-star-10_seed-9_am,email-Enron,0.5963620064007747,0.6058949728241217,0.9113841629909682,0.9164986347406008,,
hedge-4_negtype-star-10_seed-9_cn,email-Eu,0.25416690920257223,0.6250008005715878,0.7466919122626859,0.9054039232021064,,
hedge-4_negtype-star-10_seed-9_cn,email-Enron,0.13786581625270825,0.2760019092942088,0.5869145137576139,0.8070048309178744,,
hedge-4_negtype-star-10_seed-9_gm,email-Eu,0.7731139529995644,0.7886849484529771,0.9049793669699736,0.9055830797752221,,
hedge-4_negtype-star-10_seed-9_gm,email-Enron,0.6764077900953386,0.7182910145052048,0.8707624448645243,0.8708464608275573,,
hedge-4_negtype-star-10_seed-9_hm,email-Eu,0.6879941439689747,0.7029484457979842,0.9193157693509242,0.90434213356704,,
hedge-4_negtype-star-10_seed-9_hm,email-Enron,0.5860005446104614,0.5937409469484628,0.8918924595673179,0.897332493173703,,
hedge-4_negtype-star-10_seed-9_jc,email-Eu,0.22558045908255345,0.3128050432959702,0.7583258399722106,0.8260653051172498,,
hedge-4_negtype-star-10_seed-9_jc,email-Enron,0.1973404555168536,0.2329546286848985,0.6733774417139257,0.7245956731779037,,
hedge-4_negtype-star-2_seed-9_aa,email-Eu,0.8659779888754309,0.9605426477843092,0.7358145227915618,0.9017505320505744,,
hedge-4_negtype-star-2_seed-9_aa,email-Enron,0.6524639144132891,0.8760937314014249,0.4447128287707999,0.7949543746645196,,
hedge-4_negtype-star-2_seed-9_am,email-Eu,0.9735422889734155,0.9734994903141616,0.9381355577298668,0.9379766088105292,,
hedge-4_negtype-star-2_seed-9_am,email-Enron,0.931656844515238,0.946699973746946,0.8494363929146537,0.8808373590982286,,
hedge-4_negtype-star-2_seed-9_cn,email-Eu,0.8560088397012792,0.959148443319055,0.7208247830870735,0.8986229503203725,,
hedge-4_negtype-star-2_seed-9_cn,email-Enron,0.65626902282158,0.8558210481289638,0.4551798174986581,0.7909286097691894,,
hedge-4_negtype-star-2_seed-9_gm,email-Eu,0.9679004245058644,0.9688977466506836,0.9045478426729308,0.9053616230683424,,
hedge-4_negtype-star-2_seed-9_gm,email-Enron,0.9531198479027853,0.9488844146080206,0.8615136876006442,0.8539989264626946,,
hedge-4_negtype-star-2_seed-9_hm,email-Eu,0.9677584024644492,0.9677915478870804,0.92148494458679,0.921437355089982,,
hedge-4_negtype-star-2_seed-9_hm,email-Enron,0.960312741838114,0.9602443426715386,0.9044551798174986,0.9044551798174988,,
hedge-4_negtype-star-2_seed-9_jc,email-Eu,0.8669551214589286,0.8847282090278075,0.7499019656365761,0.7849154620178709,,
hedge-4_negtype-star-2_seed-9_jc,email-Enron,0.8204312874149196,0.8428073044321321,0.690552871712292,0.7423510466988729,,
hedge-4_negtype-star-5_seed-9_aa,email-Eu,0.5654079558128268,0.8190691601062544,0.7526151386261427,0.9013688520028744,,
hedge-4_negtype-star-5_seed-9_aa,email-Enron,0.3566564787514843,0.6808687402114527,0.5514829794405123,0.7849258510279744,,
hedge-4_negtype-star-5_seed-9_am,email-Eu,0.8626233450053433,0.8621271024016726,0.9331031133522216,0.9327190417123696,,
hedge-4_negtype-star-5_seed-9_am,email-Enron,0.7753041630597862,0.8090238826997617,0.8653100775193799,0.8819093360296596,,
hedge-4_negtype-star-5_seed-9_cn,email-Eu,0.544615638151497,0.8218745709057729,0.7394327842700312,0.9012447813543708,,
hedge-4_negtype-star-5_seed-9_cn,email-Enron,0.3492980199890149,0.6158794645875016,0.5280165149983148,0.7675261206605998,,
hedge-4_negtype-star-5_seed-9_gm,email-Eu,0.8919254259877025,0.8975436925258875,0.9059289044774604,0.9066818430208284,,
hedge-4_negtype-star-5_seed-9_gm,email-Enron,0.8278879403383417,0.8258655416359899,0.8559993259184361,0.8554095045500505,,
hedge-4_negtype-star-5_seed-9_hm,email-Eu,0.8463313280713781,0.8472444811063643,0.913608512706142,0.909528777852416,,
hedge-4_negtype-star-5_seed-9_hm,email-Enron,0.8005887164252934,0.8007189121997511,0.9030586450960566,0.9023003033367036,,
hedge-4_negtype-star-5_seed-9_jc,email-Eu,0.5170583208141419,0.5974592815164518,0.7530274910755801,0.8075221783886568,,
hedge-4_negtype-star-5_seed-9_jc,email-Enron,0.4162604420507615,0.4663660531965402,0.6453067071115605,0.688953488372093,,
hedge-4_negtype-tailed-1_seed-9_aa,email-Eu,0.9615771052999441,0.9909878935165364,0.7694557885559583,0.9241881949861576,,
hedge-4_negtype-tailed-1_seed-9_aa,email-Enron,0.9511693019055996,0.9702115524280892,0.6293995859213249,0.7556935817805384,,
hedge-4_negtype-tailed-1_seed-9_am,email-Eu,0.992890557401838,0.9929768613157388,0.9330098349622968,0.9337937258140993,,
hedge-4_negtype-tailed-1_seed-9_am,email-Enron,0.9856476538687432,0.9905939044731438,0.8757763975155279,0.9089026915113873,,
hedge-4_negtype-tailed-1_seed-9_cn,email-Eu,0.9590921313710477,0.9915013357021027,0.7604926658407134,0.9269528441854418,,
hedge-4_negtype-tailed-1_seed-9_cn,email-Enron,0.9469322175447004,0.9602756954998166,0.5983436853002071,0.7225672877846792,,
hedge-4_negtype-tailed-1_seed-9_gm,email-Eu,0.9936945464048892,0.9936945464048892,0.93025283347864,0.9302528334786401,,
hedge-4_negtype-tailed-1_seed-9_gm,email-Enron,0.9906559877955758,0.990655987795576,0.8985507246376812,0.8985507246376812,,
hedge-4_negtype-tailed-1_seed-9_hm,email-Eu,0.986616052470536,0.9866371511606521,0.8853072087367504,0.8854142767555332,,
hedge-4_negtype-tailed-1_seed-9_hm,email-Enron,0.9837643744551978,0.9847949611871712,0.8530020703933747,0.8571428571428572,,
hedge-4_negtype-tailed-1_seed-9_jc,email-Eu,0.9694660173623422,0.9714714704886708,0.7995763165542453,0.8137016473179461,,
hedge-4_negtype-tailed-1_seed-9_jc,email-Enron,0.9577354158549326,0.9600036088833568,0.6728778467908902,0.6873706004140787,,
hedge-4_negtype-tailed-10_seed-9_aa,email-Eu,0.2580265762963752,0.6304604654153595,0.7635443520550705,0.9092494875633844,,
hedge-4_negtype-tailed-10_seed-9_aa,email-Enron,0.1372901454128122,0.4536586120618292,0.5746345351202835,0.8538769688961598,,
hedge-4_negtype-tailed-10_seed-9_am,email-Eu,0.5420967079912338,0.5789139971952101,0.8717815906181519,0.8690860018710616,,
hedge-4_negtype-tailed-10_seed-9_am,email-Enron,0.5407978885413187,0.6714276496198346,0.8721030222949306,0.8381467732125256,,
hedge-4_negtype-tailed-10_seed-9_cn,email-Eu,0.2491442189811157,0.6227537356533761,0.7560688463694922,0.9081329157481924,,
hedge-4_negtype-tailed-10_seed-9_cn,email-Enron,0.12060910353464548,0.3814703774507269,0.5613267895719289,0.8444178778917344,,
hedge-4_negtype-tailed-10_seed-9_gm,email-Eu,0.9302522807193554,0.9302522807193554,0.9232781168265038,0.9232781168265038,,
hedge-4_negtype-tailed-10_seed-9_gm,email-Enron,0.9209382151029748,0.9209382151029748,0.9130434782608696,0.9130434782608696,,
hedge-4_negtype-tailed-10_seed-9_hm,email-Eu,0.5070596159716688,0.7239567276749221,0.8664819216983017,0.9117074124301324,,
hedge-4_negtype-tailed-10_seed-9_hm,email-Enron,0.6027268225057202,0.679176684322819,0.8946286625138951,0.8789823612072402,,
hedge-4_negtype-tailed-10_seed-9_jc,email-Eu,0.1996035848890104,0.3265766015352479,0.7595339355823719,0.8353607600136715,,
hedge-4_negtype-tailed-10_seed-9_jc,email-Enron,0.25861993361091073,0.3350386066719893,0.6777092640365779,0.7321776882904424,,
hedge-4_negtype-tailed-2_seed-9_aa,email-Eu,0.8797155903631173,0.9533198639944666,0.7877478997023589,0.9081918730875088,,
hedge-4_negtype-tailed-2_seed-9_aa,email-Enron,0.8631288650493569,0.9274932503010784,0.6999463231347289,0.8255501878690285,,
hedge-4_negtype-tailed-2_seed-9_am,email-Eu,0.967480362643392,0.9671679581881992,0.9144865928547145,0.913755311288518,,
hedge-4_negtype-tailed-2_seed-9_am,email-Enron,0.9727027040922648,0.9800430121953202,0.924315619967794,0.9377348362855609,,
hedge-4_negtype-tailed-2_seed-9_cn,email-Eu,0.8735529382493401,0.9537657950906472,0.7828920001595523,0.9102499083523752,,
hedge-4_negtype-tailed-2_seed-9_cn,email-Enron,0.8589382868046924,0.8973321009364221,0.6902844873859366,0.774020397208803,,
hedge-4_negtype-tailed-2_seed-9_gm,email-Eu,0.9784463992373846,0.9784463992373846,0.9245858761987794,0.9245858761987794,,
hedge-4_negtype-tailed-2_seed-9_gm,email-Enron,0.9755434782608696,0.9755434782608694,0.9130434782608696,0.9130434782608696,,
hedge-4_negtype-tailed-2_seed-9_hm,email-Eu,0.9487726904856256,0.9476403245767252,0.8818125525905411,0.8762595612690489,,
hedge-4_negtype-tailed-2_seed-9_hm,email-Enron,0.9670653819366876,0.969682528831412,0.9146537842190016,0.9205582393988192,,
hedge-4_negtype-tailed-2_seed-9_jc,email-Eu,0.8797759403744962,0.8882729737454921,0.7942620039394233,0.8129875606156441,,
hedge-4_negtype-tailed-2_seed-9_jc,email-Enron,0.8765388598828765,0.8851902683120998,0.7270531400966185,0.7485238862050456,,
hedge-4_negtype-tailed-5_seed-9_aa,email-Eu,0.5356221882510556,0.8452942002587502,0.7685711254512713,0.9184936387325372,,
hedge-4_negtype-tailed-5_seed-9_aa,email-Enron,0.4246694010411544,0.7623784597307919,0.5736012807549714,0.8641304347826088,,
hedge-4_negtype-tailed-5_seed-9_am,email-Eu,0.8887283950729514,0.8894665189483987,0.9214310815066652,0.922218564224908,,
hedge-4_negtype-tailed-5_seed-9_am,email-Enron,0.868010949445305,0.8764109142560969,0.9132962588473204,0.9198685540950454,,
hedge-4_negtype-tailed-5_seed-9_cn,email-Eu,0.5261867149284798,0.8729027029518105,0.7629377589223721,0.9238962778408047,,
hedge-4_negtype-tailed-5_seed-9_cn,email-Enron,0.4153867990499812,0.744279050945489,0.5623104145601617,0.8535557802494103,,
hedge-4_negtype-tailed-5_seed-9_gm,email-Eu,0.9458186986247084,0.9458186986247084,0.9241499564080208,0.9241499564080208,,
hedge-4_negtype-tailed-5_seed-9_gm,email-Enron,0.9431114318359493,0.9431114318359493,0.9202898550724636,0.9202898550724636,,
hedge-4_negtype-tailed-5_seed-9_hm,email-Eu,0.7924291281408182,0.80530999908398,0.8759633401791588,0.8818187704508395,,
hedge-4_negtype-tailed-5_seed-9_hm,email-Enron,0.8806672370125208,0.8836811253522131,0.9297269969666327,0.9283788338388944,,
hedge-4_negtype-tailed-5_seed-9_jc,email-Eu,0.5446169468099821,0.6435330729784681,0.7790588874743279,0.8373035777037666,,
hedge-4_negtype-tailed-5_seed-9_jc,email-Enron,0.5297452525804358,0.5944652819508642,0.6708796764408493,0.7240478597910348,,
hedge-5_negtype-clique-1_seed-9_aa,email-Eu,0.9582109452693001,0.971747571159852,0.7146301903114187,0.7957828719723183,0.9745369817654436,0.8093425605536333
hedge-5_negtype-clique-1_seed-9_aa,email-Enron,0.920991116332366,0.9561374679403788,0.4479166666666667,0.6041666666666666,0.9561457135609368,0.6041666666666666
hedge-5_negtype-clique-1_seed-9_am,email-Eu,0.9849285468213124,0.9843376211339592,0.8707504325259516,0.8678957612456748,0.9854898109727792,0.8759407439446367
hedge-5_negtype-clique-1_seed-9_am,email-Enron,0.9807276633399588,0.9759834701381987,0.8020833333333335,0.7708333333333334,0.9699469106372932,0.7291666666666667
hedge-5_negtype-clique-1_seed-9_cn,email-Eu,0.9568524139957169,0.9719324421706133,0.7134191176470588,0.7969723183391003,0.972716194329816,0.7993836505190312
hedge-5_negtype-clique-1_seed-9_cn,email-Enron,0.8972067017184204,0.9774610417865808,0.4322916666666666,0.8020833333333335,0.959404432533978,0.6354166666666667
hedge-5_negtype-clique-1_seed-9_gm,email-Eu,0.9779042151512444,0.9778762498129812,0.7982050173010381,0.7982050173010379,0.978222903966355,0.8000216262975778
hedge-5_negtype-clique-1_seed-9_gm,email-Enron,0.9855198732718894,0.9731883661774512,0.84375,0.7291666666666666,0.9720958709422196,0.71875
hedge-5_negtype-clique-1_seed-9_hm,email-Eu,0.9883258925744514,0.988328016723517,0.9062716262975778,0.9062716262975778,0.9879553246643508,0.9036115916955018
hedge-5_negtype-clique-1_seed-9_hm,email-Enron,0.9962897243070616,0.9962897243070616,0.9583333333333334,0.9583333333333334,0.997282037815126,0.96875
hedge-5_negtype-clique-1_seed-9_jc,email-Eu,0.9334274151247955,0.9334135065031915,0.6173767301038063,0.6204584775086506,0.9355882062641568,0.6346020761245673
hedge-5_negtype-clique-1_seed-9_jc,email-Enron,0.9745112839642608,0.9785311918130756,0.75,0.7916666666666667,0.9806260890231104,0.8020833333333333
hedge-5_negtype-clique-10_seed-9_aa,email-Eu,0.1872117696517688,0.29438629682239426,0.6875881920096958,0.7667848331385534,0.3338753916174047,0.7613164956931999
hedge-5_negtype-clique-10_seed-9_aa,email-Enron,0.1169397728009432,0.14369475333606452,0.4907738095238096,0.5558531746031747,0.16070747045995992,0.5759424603174603
hedge-5_negtype-clique-10_seed-9_am,email-Eu,0.4563562505697517,0.4696219778315788,0.8460283296541575,0.8486161970306887,0.4753302506479324,0.8516314980738432
hedge-5_negtype-clique-10_seed-9_am,email-Enron,0.3783790928675,0.3918112310050473,0.7818948412698412,0.7830853174603175,0.3947250525332092,0.7842261904761905
hedge-5_negtype-clique-10_seed-9_cn,email-Eu,0.1832682429171852,0.3022299890893301,0.6870944249664546,0.7532686231225383,0.3159603229545029,0.7480079426914253
hedge-5_negtype-clique-10_seed-9_cn,email-Enron,0.11292546119170466,0.1330857490278398,0.483234126984127,0.5478670634920635,0.13763432324101832,0.5428075396825396
hedge-5_negtype-clique-10_seed-9_gm,email-Eu,0.4525316140222541,0.5420925666452212,0.7898692810457516,0.7965350820239797,0.5410692882349132,0.7956139895251698
hedge-5_negtype-clique-10_seed-9_gm,email-Enron,0.3534799367421669,0.4323991215281231,0.7095238095238096,0.7058531746031746,0.4366705289761245,0.7071428571428571
hedge-5_negtype-clique-10_seed-9_hm,email-Eu,0.4451880227092466,0.5548062728291003,0.8813237458338743,0.8636886984374323,0.5566100783616995,0.8680978660779985
hedge-5_negtype-clique-10_seed-9_hm,email-Enron,0.3666344002298289,0.5417430189893241,0.8686507936507937,0.8374007936507937,0.5384706661666279,0.8433531746031747
hedge-5_negtype-clique-10_seed-9_jc,email-Eu,0.1315006030667565,0.1305590426972898,0.6093195688871575,0.6149053153270139,0.16610744141231934,0.6571935462926892
hedge-5_negtype-clique-10_seed-9_jc,email-Enron,0.10802832586470286,0.1087331084499784,0.5740079365079365,0.5747519841269841,0.11411141196020233,0.5900297619047619
hedge-5_negtype-clique-2_seed-9_aa,email-Eu,0.8581910888821441,0.8931034378638569,0.7134659214239202,0.7712068591274148,0.9097966927072916,0.7913962448448015
hedge-5_negtype-clique-2_seed-9_aa,email-Enron,0.6888391303455058,0.7067309955920895,0.4934895833333333,0.4817708333333334,0.6933625791332751,0.4296875
hedge-5_negtype-clique-2_seed-9_am,email-Eu,0.9269407970988882,0.9314182480052696,0.8472813110484045,0.8511287171695245,0.930955827891598,0.854476883004124
hedge-5_negtype-clique-2_seed-9_am,email-Enron,0.8695298065103068,0.7917683178258809,0.7395833333333334,0.7161458333333334,0.818799099590217,0.71875
hedge-5_negtype-clique-2_seed-9_cn,email-Eu,0.8546465263906122,0.8906634221429364,0.7129748209246798,0.7629178424137184,0.8990669980381795,0.7702952029520296
hedge-5_negtype-clique-2_seed-9_cn,email-Enron,0.6864221447041262,0.7150044916017695,0.4934895833333334,0.51953125,0.6977316616549074,0.46875
hedge-5_negtype-clique-2_seed-9_gm,email-Eu,0.9123280183178152,0.9289572992971972,0.7934664640764056,0.8061048404601693,0.9287236574162944,0.8055133492511395
hedge-5_negtype-clique-2_seed-9_gm,email-Enron,0.8569796328805177,0.8433374703404031,0.7135416666666666,0.7161458333333334,0.8031069937220932,0.7057291666666666
hedge-5_negtype-clique-2_seed-9_hm,email-Eu,0.9324650120750252,0.9307736756761094,0.8800412415888866,0.8695789016713698,0.930908311917614,0.8681191664857825
hedge-5_negtype-clique-2_seed-9_hm,email-Enron,0.8904070142853382,0.9397219703205286,0.8385416666666666,0.8776041666666666,0.9402795816529628,0.8776041666666667
hedge-5_negtype-clique-2_seed-9_jc,email-Eu,0.8116378315354308,0.8114129474973002,0.6520675059691773,0.6526128717169525,0.8274841653379641,0.6800656609507272
hedge-5_negtype-clique-2_seed-9_jc,email-Enron,0.7960211358227518,0.8296819315275321,0.6067708333333334,0.6197916666666667,0.8186411607156243,0.609375
hedge-5_negtype-clique-5_seed-9_aa,email-Eu,0.4632331666721021,0.5957213844840379,0.6924008067029048,0.7638476785652459,0.6186534468960192,0.7623381400824015
hedge-5_negtype-clique-5_seed-9_aa,email-Enron,0.3343962716464607,0.35074406935827823,0.5721914556962026,0.5907832278481013,0.40964048353584775,0.6210443037974683
hedge-5_negtype-clique-5_seed-9_am,email-Eu,0.7255962774293387,0.7385313217645217,0.8533622719246616,0.8566656856974693,0.7460044916967677,0.8604685281999792
hedge-5_negtype-clique-5_seed-9_am,email-Enron,0.6254042230867135,0.6730932746937691,0.7958860759493671,0.814873417721519,0.6626151086177926,0.8303006329113924
hedge-5_negtype-clique-5_seed-9_cn,email-Eu,0.4581790470240363,0.5957855528779701,0.6928673441124538,0.7510326143406156,0.6044431888572808,0.7504526884326421
hedge-5_negtype-clique-5_seed-9_cn,email-Enron,0.3265669344455124,0.3605176657087257,0.5747626582278481,0.6028481012658229,0.3842773978677395,0.6014636075949367
hedge-5_negtype-clique-5_seed-9_gm,email-Eu,0.7018868827195263,0.7370570195655786,0.7668875289962954,0.7735549458158779,0.7373817263229321,0.7734597340996434
hedge-5_negtype-clique-5_seed-9_gm,email-Enron,0.653548824807681,0.7739875803921439,0.8028085443037974,0.8301028481012659,0.7484368282330592,0.8360363924050633
hedge-5_negtype-clique-5_seed-9_hm,email-Eu,0.7486398235571282,0.7588464791801556,0.8891224942007409,0.8669580722224146,0.7575074455157513,0.8650945192673891
hedge-5_negtype-clique-5_seed-9_hm,email-Enron,0.6844757547337648,0.8991369727658365,0.9066455696202532,0.9454113924050632,0.8847207224976701,0.9378955696202532
hedge-5_negtype-clique-5_seed-9_jc,email-Eu,0.3581925135916354,0.3585294481262873,0.6059606862168057,0.6107900841325347,0.3951524690630829,0.643652840771388
hedge-5_negtype-clique-5_seed-9_jc,email-Enron,0.3954058060443841,0.3950513131342313,0.6669303797468354,0.667128164556962,0.41752928958326174,0.6847310126582278
hedge-5_negtype-star-1_seed-9_aa,email-Eu,0.9563125702844836,0.988472073522086,0.7165765570934255,0.9020112456747404,0.9920799954894436,0.9235726643598616
hedge-5_negtype-star-1_seed-9_aa,email-Enron,0.9034176598968175,0.9841850104457172,0.3229166666666667,0.8333333333333334,0.9852074345015464,0.84375
hedge-5_negtype-star-1_seed-9_am,email-Eu,0.9949572171104452,0.9942819719009632,0.9542171280276815,0.9489403114186852,0.9934371927180288,0.9415008650519032
hedge-5_negtype-star-1_seed-9_am,email-Enron,0.9851527885951332,0.9934580412076854,0.8541666666666667,0.9270833333333336,0.9934580412076854,0.9270833333333336
hedge-5_negtype-star-1_seed-9_cn,email-Eu,0.9532983938405122,0.9875942292749168,0.7039900519031143,0.8991673875432526,0.9911747449338836,0.9199070069204152
hedge-5_negtype-star-1_seed-9_cn,email-Enron,0.8910922990144999,1.0,0.265625,1.0,1.0,1.0
hedge-5_negtype-star-1_seed-9_gm,email-Eu,0.9923153904713228,0.9924234682874508,0.9181877162629758,0.9188365051903116,0.9923987941263414,0.9186851211072664
hedge-5_negtype-star-1_seed-9_gm,email-Enron,0.9892857142857144,0.9892857142857144,0.875,0.875,0.9892857142857144,0.875
hedge-5_negtype-star-1_seed-9_hm,email-Eu,0.9923277205207164,0.992337237791444,0.9319852941176472,0.9317257785467128,0.9927145720168988,0.9350994809688579
hedge-5_negtype-star-1_seed-9_hm,email-Enron,0.9981339126559716,0.9924982797829542,0.9791666666666666,0.9166666666666669,0.9924982797829542,0.9166666666666669
hedge-5_negtype-star-1_seed-9_jc,email-Eu,0.9626818807135248,0.9636419729373203,0.7381271626297579,0.7444204152249134,0.9684523219587964,0.7724264705882352
hedge-5_negtype-star-1_seed-9_jc,email-Enron,0.9606293382271652,0.9648243359377879,0.6302083333333334,0.6666666666666667,0.9686909084186696,0.6979166666666666
hedge-5_negtype-star-10_seed-9_aa,email-Eu,0.2791436682271882,0.6665912702024254,0.7701590702506168,0.9252738821798034,0.7286482367209071,0.9291722936415184
hedge-5_negtype-star-10_seed-9_aa,email-Enron,0.16821861783579656,0.4269745451842675,0.6138888888888889,0.8497023809523809,0.6039832100223148,0.8692460317460318
hedge-5_negtype-star-10_seed-9_am,email-Eu,0.7290281232458504,0.7272838788109196,0.9421334891572524,0.9407560706401766,0.7415708568952007,0.9425362507033721
hedge-5_negtype-star-10_seed-9_am,email-Enron,0.6439629129091179,0.6334100867404765,0.8886904761904763,0.8787698412698413,0.6487370260501316,0.8863095238095238
hedge-5_negtype-star-10_seed-9_cn,email-Eu,0.2631363043698704,0.6707422565654152,0.7584767129809983,0.924754901960784,0.7194932055369216,0.9281495909622126
hedge-5_negtype-star-10_seed-9_cn,email-Enron,0.14664833757775647,0.4469385904141021,0.5888392857142858,0.8587797619047621,0.6336959823841397,0.8754960317460317
hedge-5_negtype-star-10_seed-9_gm,email-Eu,0.8110399525899573,0.8227882267524369,0.9128568800588668,0.9117847249274986,0.8245738076380213,0.9133003289616068
hedge-5_negtype-star-10_seed-9_gm,email-Enron,0.7271786255057241,0.7597401938200183,0.9128968253968252,0.9125,0.7569614919319412,0.9127976190476189
hedge-5_negtype-star-10_seed-9_hm,email-Eu,0.7266943749152242,0.7670800578842556,0.9334555036142492,0.936222352075488,0.7663510674398928,0.9376892611349176
hedge-5_negtype-star-10_seed-9_hm,email-Enron,0.6404452360876504,0.7444502987321748,0.9122023809523808,0.9318452380952379,0.7287080347219137,0.9121031746031746
hedge-5_negtype-star-10_seed-9_jc,email-Eu,0.2654849164631965,0.3192094921672667,0.7733818118859022,0.8251263905120548,0.4339173790537632,0.8637839241656927
hedge-5_negtype-star-10_seed-9_jc,email-Enron,0.2412048174309876,0.267745477562065,0.7606646825396826,0.7843253968253968,0.30795393358611456,0.8092261904761905
hedge-5_negtype-star-2_seed-9_aa,email-Eu,0.8804964874900643,0.9630408982426056,0.7624945734751465,0.9148442587367048,0.9719855744057768,0.9244654873019318
hedge-5_negtype-star-2_seed-9_aa,email-Enron,0.8479736900614799,0.9602807804028162,0.7057291666666667,0.8932291666666666,0.9540639275606542,0.8541666666666667
hedge-5_negtype-star-2_seed-9_am,email-Eu,0.9802748460233256,0.9807652433938026,0.9508899500759714,0.9521027783807252,0.9818888712745164,0.9541648578250488
hedge-5_negtype-star-2_seed-9_am,email-Enron,0.9851755406372492,0.979123821101,0.95703125,0.9375,0.9776917322922664,0.9322916666666666
hedge-5_negtype-star-2_seed-9_cn,email-Eu,0.8728170388382742,0.9634413233398862,0.7489906663772521,0.9133465378771436,0.9695023704428892,0.9213289559366182
hedge-5_negtype-star-2_seed-9_cn,email-Enron,0.6053667505723174,0.9674383688924186,0.3294270833333333,0.90234375,0.9318043890410672,0.7981770833333334
hedge-5_negtype-star-2_seed-9_gm,email-Eu,0.9759552729155422,0.9761032104105258,0.9219475797699154,0.9221429346646408,0.9761993557005904,0.9223328630345128
hedge-5_negtype-star-2_seed-9_gm,email-Enron,0.9807993730407524,0.9807993730407524,0.9322916666666666,0.9322916666666666,0.9807993730407524,0.9322916666666666
hedge-5_negtype-star-2_seed-9_hm,email-Eu,0.9739472377618096,0.973131667633985,0.9345696765791188,0.9285109615802041,0.9741711506787296,0.9316583459952243
hedge-5_negtype-star-2_seed-9_hm,email-Enron,0.9685073722421488,0.9704257330030848,0.9192708333333334,0.921875,0.9730239724611418,0.9296875
hedge-5_negtype-star-2_seed-9_jc,email-Eu,0.8909903557396197,0.9011818137353051,0.7759849142609073,0.8009767744736271,0.9157312582931536,0.8277593878879965
hedge-5_negtype-star-2_seed-9_jc,email-Enron,0.9441878299877804,0.9534319730993182,0.84375,0.8697916666666667,0.9729478394420163,0.921875
hedge-5_negtype-star-5_seed-9_aa,email-Eu,0.5460411941935263,0.8478359044938036,0.7553578229408302,0.9179041304573624,0.8628518377179657,0.9210855001211786
hedge-5_negtype-star-5_seed-9_aa,email-Enron,0.3937551615773373,0.6302903661339562,0.5799050632911392,0.857001582278481,0.7923124783574305,0.8931962025316456
hedge-5_negtype-star-5_seed-9_am,email-Eu,0.8911306886941458,0.8910514364984011,0.9467312086694596,0.9464953432815152,0.8951465787944233,0.9484601668801718
hedge-5_negtype-star-5_seed-9_am,email-Enron,0.6715844634132212,0.6897256210375461,0.8615506329113924,0.8872626582278481,0.6847982693146345,0.8916139240506329
hedge-5_negtype-star-5_seed-9_cn,email-Eu,0.5288033083003777,0.8507186161214109,0.7431689921407056,0.9178366166949418,0.8639260986980228,0.9205285115812072
hedge-5_negtype-star-5_seed-9_cn,email-Enron,0.3740424069560793,0.6607225791600058,0.5476661392405063,0.8670886075949367,0.6444064227199189,0.8860759493670887
hedge-5_negtype-star-5_seed-9_gm,email-Eu,0.9021312521025124,0.914017396147294,0.9103495135546862,0.9121135269881938,0.9152963988360564,0.9123671363778001
hedge-5_negtype-star-5_seed-9_gm,email-Enron,0.7649331199662295,0.7649331199662295,0.8720332278481012,0.8720332278481012,0.7649331199662295,0.8720332278481012
hedge-5_negtype-star-5_seed-9_hm,email-Eu,0.8633955702541953,0.8730865938408957,0.9273530277325762,0.928114721462452,0.8742351425346454,0.9311221133538761
hedge-5_negtype-star-5_seed-9_hm,email-Enron,0.7483689021099915,0.7836958671520862,0.9064477848101266,0.9268196202531644,0.7729111170502049,0.9303797468354429
hedge-5_negtype-star-5_seed-9_jc,email-Eu,0.5537246767762344,0.6079453140840781,0.7632037011390784,0.8089923138178168,0.6768884681831433,0.8440003635356438
hedge-5_negtype-star-5_seed-9_jc,email-Enron,0.6629600427901721,0.6737169632309539,0.7678006329113923,0.7869857594936709,0.7275795418710929,0.8188291139240507
hedge-5_negtype-tailed-1_seed-9_aa,email-Eu,0.9259739403690224,0.9644482821624994,0.5928416955017302,0.7505730968858133,0.988643171076752,0.8901275951557094
hedge-5_negtype-tailed-1_seed-9_aa,email-Enron,0.9915949973739496,0.9823671918948969,0.90625,0.8125,0.9915976085036288,0.90625
hedge-5_negtype-tailed-1_seed-9_am,email-Eu,0.9975085693277348,0.997629463494532,0.9741782006920414,0.9753892733564014,0.9976424818462016,0.9755622837370242
hedge-5_negtype-tailed-1_seed-9_am,email-Enron,0.997282037815126,0.997282037815126,0.96875,0.96875,0.997282037815126,0.96875
hedge-5_negtype-tailed-1_seed-9_cn,email-Eu,0.9195058655908456,0.9350251663434828,0.5714316608996539,0.6812824394463669,0.9888038095017632,0.8913494809688578
hedge-5_negtype-tailed-1_seed-9_cn,email-Enron,0.9915949973739496,0.9756626386655592,0.90625,0.75,0.9886206679794352,0.875
hedge-5_negtype-tailed-1_seed-9_gm,email-Eu,0.9939171122994652,0.9939171122994652,0.9330882352941176,0.9330882352941176,0.9939171122994652,0.9330882352941176
hedge-5_negtype-tailed-1_seed-9_gm,email-Enron,0.9919642857142856,0.9919642857142856,0.90625,0.90625,0.9919642857142856,0.90625
hedge-5_negtype-tailed-1_seed-9_hm,email-Eu,0.9868599705094696,0.9880779123727156,0.8740051903114187,0.8848832179930796,0.9882843054799922,0.8861159169550175
hedge-5_negtype-tailed-1_seed-9_hm,email-Enron,1.0,1.0,1.0,1.0,0.9855460712052416,0.8437500000000001
hedge-5_negtype-tailed-1_seed-9_jc,email-Eu,0.9399470295467436,0.9423699914424416,0.6611267301038062,0.6724589100346021,0.9498197747657288,0.7008109861591696
hedge-5_negtype-tailed-1_seed-9_jc,email-Enron,0.9140068025162368,0.9140642815109588,0.34375,0.34375,0.926592183296673,0.40625
hedge-5_negtype-tailed-10_seed-9_aa,email-Eu,0.2370546378537517,0.4853976072310728,0.7559599288508811,0.8819769630924765,0.8465328222934293,0.9274923830627012
hedge-5_negtype-tailed-10_seed-9_aa,email-Enron,0.272473261872345,0.38516590785562266,0.7535714285714286,0.8201388888888889,0.9027820728308732,0.9579365079365079
hedge-5_negtype-tailed-10_seed-9_am,email-Eu,0.5146326202736543,0.6357265748125265,0.8715019431845723,0.8801841697538345,0.6572228713617032,0.9001818760170343
hedge-5_negtype-tailed-10_seed-9_am,email-Enron,0.6641412017689978,0.6804545706970104,0.9223214285714284,0.9215277777777778,0.6808418357875584,0.9220238095238096
hedge-5_negtype-tailed-10_seed-9_cn,email-Eu,0.2331401834452351,0.4114364288922941,0.7516509495204792,0.8781658977599279,0.8452010994546553,0.9281598388325312
hedge-5_negtype-tailed-10_seed-9_cn,email-Enron,0.2656631049573239,0.3192603830509145,0.7383432539682541,0.8298611111111112,0.8350622561356387,0.9378472222222224
hedge-5_negtype-tailed-10_seed-9_gm,email-Eu,0.9298165895571712,0.9298165895571712,0.9227941176470588,0.9227941176470588,0.9298165895571712,0.9227941176470588
hedge-5_negtype-tailed-10_seed-9_gm,email-Enron,0.9432636887608068,0.9432636887608068,0.9375,0.9375,0.9432636887608068,0.9375
hedge-5_negtype-tailed-10_seed-9_hm,email-Eu,0.4328412587886889,0.7932912020516126,0.8570575684658794,0.923902901360662,0.8017798148200859,0.9303281774746388
hedge-5_negtype-tailed-10_seed-9_hm,email-Enron,0.5508498489215978,0.9064546138100352,0.8910714285714286,0.9862103174603174,0.9042593696408024,0.9856150793650792
hedge-5_negtype-tailed-10_seed-9_jc,email-Eu,0.208874975813719,0.2560739842182396,0.7497238860229201,0.7971513303673442,0.4861496801339712,0.8643089144133226
hedge-5_negtype-tailed-10_seed-9_jc,email-Enron,0.35380593955870115,0.3853214394606779,0.8408730158730159,0.8489087301587301,0.50380251996076,0.8943452380952381
hedge-5_negtype-tailed-2_seed-9_aa,email-Eu,0.803972021398029,0.9152876438419542,0.6620116127631864,0.8317180377686129,0.967306749484881,0.9077002387670936
hedge-5_negtype-tailed-2_seed-9_aa,email-Enron,0.7586757971755259,0.8846042012425971,0.5794270833333333,0.8020833333333334,0.9656948019895016,0.9036458333333334
hedge-5_negtype-tailed-2_seed-9_am,email-Eu,0.9910202119988272,0.99093312091215,0.9738604297807684,0.9735728239635336,0.9917576944943836,0.974978293900586
hedge-5_negtype-tailed-2_seed-9_am,email-Enron,0.920332245293737,0.9486875872034836,0.8020833333333334,0.84375,0.9503290447124594,0.8463541666666667
hedge-5_negtype-tailed-2_seed-9_cn,email-Eu,0.7969315922743576,0.8846375329991476,0.65480518775776,0.8201134143694377,0.9665530128159532,0.9055404818754068
hedge-5_negtype-tailed-2_seed-9_cn,email-Enron,0.7566925192195779,0.8842931358788193,0.578125,0.81640625,0.9614753224795818,0.8880208333333334
hedge-5_negtype-tailed-2_seed-9_gm,email-Eu,0.9769515061545124,0.9769515061545124,0.9191176470588236,0.9191176470588236,0.9769515061545124,0.9191176470588236
hedge-5_negtype-tailed-2_seed-9_gm,email-Enron,0.978693181818182,0.978693181818182,0.921875,0.921875,0.978693181818182,0.921875
hedge-5_negtype-tailed-2_seed-9_hm,email-Eu,0.9503473670943299,0.9530898215791608,0.8654059040590406,0.8726177555893206,0.9546844471026552,0.8757488604297808
hedge-5_negtype-tailed-2_seed-9_hm,email-Enron,0.963526818118038,0.9949991109530584,0.9114583333333331,0.984375,0.9949991109530584,0.984375
hedge-5_negtype-tailed-2_seed-9_jc,email-Eu,0.7892011737266168,0.8035737778646823,0.6584572389841545,0.6774636422834817,0.844733390299123,0.7257814195789016
hedge-5_negtype-tailed-2_seed-9_jc,email-Enron,0.9194050946608768,0.9282791543326692,0.7864583333333334,0.8046875,0.9380096714394734,0.8255208333333333
hedge-5_negtype-tailed-5_seed-9_aa,email-Eu,0.5040770788396253,0.7294887958861913,0.7295324394463667,0.8701712802768167,0.9117523529189978,0.9264000865051903
hedge-5_negtype-tailed-5_seed-9_aa,email-Enron,0.4340383530178081,0.5272693211349339,0.6461629746835443,0.7294303797468354,0.8723919838346891,0.8825158227848102
hedge-5_negtype-tailed-5_seed-9_am,email-Eu,0.7099955247093963,0.8037150649753032,0.8557076124567473,0.8849749134948097,0.8265123116436076,0.90794723183391
hedge-5_negtype-tailed-5_seed-9_am,email-Enron,0.7956377637462151,0.7606327005143787,0.8643196202531646,0.8401898734177214,0.7665571197672392,0.8366297468354429
hedge-5_negtype-tailed-5_seed-9_cn,email-Eu,0.4946752472230971,0.6734216268725967,0.7253849480968858,0.8615575259515571,0.911681328612294,0.9262262110726645
hedge-5_negtype-tailed-5_seed-9_cn,email-Enron,0.447294195005747,0.5021643406499212,0.6706882911392404,0.7460443037974683,0.8651048314733357,0.888251582278481
hedge-5_negtype-tailed-5_seed-9_gm,email-Eu,0.9506302521008404,0.9506302521008404,0.9308823529411764,0.9308823529411764,0.9506302521008404,0.9308823529411764
hedge-5_negtype-tailed-5_seed-9_gm,email-Enron,0.9443975225225224,0.9443975225225224,0.921875,0.921875,0.9443975225225224,0.921875
hedge-5_negtype-tailed-5_seed-9_hm,email-Eu,0.6635315685361961,0.8627867205392342,0.8141185121107266,0.9094455017301036,0.8645761305131879,0.9114065743944636
hedge-5_negtype-tailed-5_seed-9_hm,email-Enron,0.7715936414355031,0.8940838811380372,0.8453322784810126,0.9117879746835444,0.8948251779399451,0.9117879746835444
hedge-5_negtype-tailed-5_seed-9_jc,email-Eu,0.4540881247013498,0.5003914941268288,0.7093646193771627,0.7505847750865052,0.6702871202359124,0.8236038062283737
hedge-5_negtype-tailed-5_seed-9_jc,email-Enron,0.5227491849056206,0.5451404415029978,0.7126186708860759,0.721123417721519,0.6196048476892323,0.7385284810126582
